frame_id,point_index,x,y,z,distance_m,angle_deg
760,0,1.3050096035003662,-0.4855879843235016,-0.36348657965660097,1.439085907560073,104.63032901582825
