frame_id,point_index,x,y,z,distance_m,angle_deg
320,0,0.9543513655662537,-0.14884495735168457,-0.37733203172683716,1.0369767656289608,111.3384899041633
